{"acc": [0.3970375320191558, 0.3977057578861348, 0.3977057578828157, 0.3977057578828157], "training_time_seconds": "766", "val_acc": [0.399554565714834, 0.399554565714834, 0.399554565714834, 0.399554565714834], "val_loss": [9.67803684268603, 9.67803684268603, 9.67803684268603, 9.67803684268603], "loss": [9.694722182926748, 9.707836080120565, 9.707836089414084, 9.707836094512242]}