{"acc": [0.7439613526570048, 0.9490895578073596, 0.9672984020810108], "loss": [1.3925454286517196, 0.14917174970093644, 0.08229428637441938], "val_acc": [0.9153046062407132, 0.9153046062407132, 0.9479940564635958], "val_loss": [0.22226024066190753, 0.22380419110569322, 0.1684053964792411]}