{"acc": [0.4638004010200076, 0.6689685899129448, 0.8046335487010936, 0.832033860601118], "loss": [8.33152061147131, 1.3536643788806046, 0.36520947384181013, 0.3006829847389777], "val_acc": [0.4577025823951935, 0.24309884238646481, 0.24577025823686555, 0.23686553873552982], "val_loss": [7.1508022658228345, 2.661877752518081, 3.320641692578527, 3.722099431369948]}