{"acc": [0.7209215904868079, 0.9502043849869937, 0.970642883686362, 0.9754738015607581], "loss": [2.2653819560140804, 0.14459070213213812, 0.0733675441754181, 0.05658327547635361], "val_acc": [0.9301634472511144, 0.9257057949479941, 0.9346210995542348, 0.9286775631500743], "val_loss": [0.2398421731991984, 0.1609365673521935, 0.18857678872177497, 0.2343145343967171]}