{"acc": [0.2683293269230769, 0.2687735139224832, 0.2687735139224832, 0.2687735139224832], "training_time_seconds": "702", "val_acc": [0.2848557692307692, 0.28484848484848485, 0.28484848484848485, 0.28424242424242424], "val_loss": [11.5267629302465, 11.526880345200047, 11.526880345200047, 11.536648883241595], "loss": [11.756698347914677, 11.785978258705569, 11.785978258705569, 11.785978258705569]}