{"acc": [0.6125403719823813, 0.7232431228488255, 0.778149014366856, 0.8114489364071723], "loss": [1.4675170204025798, 0.47705677785298806, 0.3973692447311785, 0.34168548304979673], "val_acc": [0.6766146993849484, 0.6810690423295334, 0.7273942094072202, 0.731403118066639], "val_loss": [0.5679101951403713, 0.5986809757610737, 0.452806785642968, 0.5032444675143949]}