{"acc": [0.47410714285714284, 0.6633752244165171, 0.6929982046678635, 0.7221723518850988], "training_time_seconds": "649", "val_acc": [0.6227758007117438, 0.6779359430604982, 0.6832740213523132, 0.6672597864768683], "val_loss": [0.8708483642530611, 0.6296271768753214, 0.6174189628655375, 0.6093164652692041], "loss": [3.7996194899082183, 0.7706198050260972, 0.6174577188877057, 0.5516137496787299]}