{"acc": [0.5715144230769231, 0.6927012791617461, 0.7462753950338601], "training_time_seconds": "556", "val_acc": [0.6243990384615384, 0.6727272727272727, 0.6890909090909091], "val_loss": [0.7982456804468081, 0.6549270244439444, 0.6173452082186034], "loss": [1.890058739325748, 0.677483666580005, 0.5346109623026364]}