{"acc": [0.5178786057692307, 0.6848758465190684, 0.7343867569690903], "training_time_seconds": "1888", "val_acc": [0.6520432692307693, 0.6890909090909091, 0.7460606060606061], "val_loss": [0.7876472203777387, 0.6827312984611049, 0.5351849688544418], "loss": [3.1332843577345977, 0.7087350084155551, 0.5752247149420466]}