{"acc": [0.49755338078291816, 0.6144176215390924, 0.6643675603548562, 0.6909556124549592, 0.7070864390207618, 0.7150962287637811, 0.731338302402717, 0.7502503059327847, 0.7552564245221718, 0.760373790191323], "training_time_seconds": "7767", "val_acc": [0.5915178571428571, 0.6560822899098473, 0.6806797852243208, 0.7164579606440071, 0.7164579607506344, 0.7271914131312976, 0.7482110911277198, 0.7522361359570662, 0.770125223720223, 0.7844364938454466], "val_loss": [0.9088383268032755, 0.7704603378802591, 0.7006478988847067, 0.642393306137624, 0.623949778847703, 0.5762110724645352, 0.5425878795187034, 0.5222132015100319, 0.49286732306847203, 0.463920739447708], "loss": [1.1706886034843336, 0.8676830848579691, 0.7547990955517653, 0.6970677227527815, 0.6466716092358787, 0.6255778462168823, 0.5845025964740227, 0.5551821404933558, 0.5355678871166243, 0.5189550836142768]}