{"acc": [0.513671875, 0.5980436418539066, 0.6299473288366003, 0.6436418359691348, 0.6610985703626192, 0.6725357411767057], "training_time_seconds": "3448", "val_acc": [0.5432692307692307, 0.6, 0.6333333333333333, 0.6393939393939394, 0.6527272727272727, 0.666060606060606], "val_loss": [0.9956314311577723, 0.8844940029852318, 0.8079966578339085, 0.7884847561518351, 0.7520957905595953, 0.7117729421817895], "loss": [1.1130958926649048, 0.8902089884803204, 0.8172555150081557, 0.7785637751300143, 0.7502432003516376, 0.7309844021244637]}